[
  {
    "zodiac": "aries",
    "planet": "Mars",
    "remedy": "Wear red on Tuesdays; donate red lentils."
  },
  {
    "zodiac": "taurus",
    "planet": "Venus",
    "remedy": "Offer white flowers; chant Shri on Fridays."
  },
  {
    "zodiac": "gemini",
    "planet": "Mercury",
    "remedy": "Wear green; donate books."
  },
  {
    "zodiac": "cancer",
    "planet": "Moon",
    "remedy": "Offer milk; meditate in the evening."
  },
  {
    "zodiac": "leo",
    "planet": "Sun",
    "remedy": "Chant Gayatri mantra; rise early."
  },
  {
    "zodiac": "virgo",
    "planet": "Mercury",
    "remedy": "Donate green vegetables."
  },
  {
    "zodiac": "libra",
    "planet": "Venus",
    "remedy": "Offer fragrance and white clothes."
  },
  {
    "zodiac": "scorpio",
    "planet": "Mars",
    "remedy": "Chant Hanuman Chalisa; avoid conflict."
  },
  {
    "zodiac": "sagittarius",
    "planet": "Jupiter",
    "remedy": "Recite Vishnu Sahasranama; donate yellow sweets."
  },
  {
    "zodiac": "capricorn",
    "planet": "Saturn",
    "remedy": "Light oil lamps on Saturdays; donate black sesame."
  },
  {
    "zodiac": "aquarius",
    "planet": "Saturn",
    "remedy": "Donate blankets and help the community."
  },
  {
    "zodiac": "pisces",
    "planet": "Jupiter",
    "remedy": "Offer yellow sweets and practice compassion."
  }
]